rule_id,rule_name,dq_dimension,short_description,long_description,rule_execution_scope,rule_group,rule_execution_seq,combine_rule,applicable_datatypes,extra_filter_allowed,applicable_threshold_types,lighter_version_rule_id,try_metadata_first,rule_config_params,evaluate_expr,result_type,result_metrics,result_message_template,failed_records_query,internal_dev_notes
DS_RECORD_COUNT_BETWEEN,Record count between,Completeness,Record count between,Confirms that the dataset's record count is between the given minimum and maximum.,DATASET,DATASET,1,NO,N/A,NO,N/A,N/A,YES,config_min;config_max,COUNT(*),METRIC,result_record_count,Expected within {config_min} and {config_max}; Observed {result_record_count}.,,
DS_RECORD_COUNT_EQ,Record count equal to,Completeness,Record count equal to,Confirms that the dataset's record count is equal to the given value.,DATASET,DATASET,1,NO,N/A,NO,N/A,N/A,YES,config_value,COUNT(*),METRIC,result_record_count,Expected {config_value}; Observed {result_record_count}.,,
DS_RECORD_COUNT_GT,Record count greater than,Completeness,Record count greater than,Confirms that the dataset's record count is greater than the given value.,DATASET,DATASET,1,NO,N/A,NO,N/A,N/A,YES,config_min,COUNT(*),METRIC,result_record_count,Expected greater than {config_min}; Observed {result_record_count}.,,
DS_RECORD_COUNT_GTE,Record count at least,Completeness,Record count at least,Confirms that the dataset's record count is at least the given value.,DATASET,DATASET,1,NO,N/A,NO,N/A,N/A,YES,config_min,COUNT(*),METRIC,result_record_count,Expected at least {config_min}; Observed {result_record_count}.,,
DS_RECORD_COUNT_LT,Record count less than,Completeness,Record count less than,Confirms that the dataset's record count is less than the given value.,DATASET,DATASET,1,NO,N/A,NO,N/A,N/A,YES,config_max,COUNT(*),METRIC,result_record_count,Expected less than {config_max}; Observed {result_record_count}.,,
DS_RECORD_COUNT_LTE,Record count at most,Completeness,Record count at most,Confirms that the dataset's record count is at most the given value.,DATASET,DATASET,1,NO,N/A,NO,N/A,N/A,YES,config_max,COUNT(*),METRIC,result_record_count,Expected at most {config_max}; Observed {result_record_count}.,,
SCH_FIELDS_ORDERED,Fields match ordered list,Validity,Fields in order,Confirms that the dataset's fields appear in the expected order.,SCHEMA,SCHEMA,2,NO,N/A,NO,N/A,N/A,YES,config_fields_ordered,field order == {config_fields_ordered},ASSERTION,result_fields_ordered,Expected {config_fields_ordered}; Observed {result_fields_ordered}.,,
SCH_FIELDS_SET,Fields match set,Validity,Exact field set,"Confirms that the dataset contains exactly the expected set of fields, in any order.",SCHEMA,SCHEMA,2,NO,N/A,NO,N/A,N/A,YES,config_fields_set,field set == {config_fields_set},ASSERTION,result_fields_set,Expected {config_fields_set}; Observed {result_fields_set}.,,
SCH_FIELD_EXISTS,Field exists,Validity,Field exists,Confirms that an expected field is present in the dataset.,SCHEMA,SCHEMA,2,NO,N/A,NO,N/A,N/A,YES,config_field,field present: {config_field},ASSERTION,result_field,Expected {config_field}; Observed {result_field}.,,
SCH_FIELD_TYPE,Field data type matches,Validity,Field type matches,Confirms that a field holds the expected type of data.,SCHEMA,SCHEMA,2,NO,N/A,NO,N/A,N/A,YES,field;config_data_type,data type of {field} == {config_data_type},ASSERTION,result_data_type,Expected {config_data_type}; Observed {result_data_type} - for {field}.,,
SCH_NUM_OF_FIELDS,Number of fields,Validity,Expected field count,Confirms that the dataset contains the expected number of fields.,SCHEMA,SCHEMA,2,NO,N/A,NO,N/A,N/A,YES,config_field_count,field count == {config_field_count},ASSERTION,result_field_count,Expected field count {config_field_count}; Observed field count {result_field_count}.,,
COMP_NOT_NULL,Not null,Completeness,Present,Confirms that values are present (not null).,SINGLE_FIELD,COMPLETENESS,4,NO,ANY,YES,FIXED;PERCENT,N/A,YES,field,{field} IS NOT NULL,COUNT,failed_count;failed_pct;denominator_count,{failed_count} of {denominator_count} ({failed_pct}%) failed this check.,SELECT * FROM {src} WHERE NOT ({field} IS NOT NULL),Generic presence (any type). For text use COMP_STR_NOT_BLANK; for float use COMP_NUM_NOT_NAN.
COMP_STR_NOT_BLANK,Text not blank,Completeness,Non-blank text,Confirms that text values are present and not blank after trimming whitespace.,SINGLE_FIELD,COMPLETENESS,5,YES,STRING,YES,FIXED;PERCENT,N/A,N/A,field,{field} IS NOT NULL AND length(trim({field})) > 0,COUNT,failed_count;failed_pct;denominator_count,{failed_count} of {denominator_count} ({failed_pct}%) failed this check.,SELECT * FROM {src} WHERE NOT ({field} IS NOT NULL AND length(trim({field})) > 0),Text presence: not null and not whitespace-only.
COMP_NUM_NOT_NAN,Number not NaN,Completeness,Valid number,Confirms that numeric values are present and not NaN.,SINGLE_FIELD,COMPLETENESS,5,YES,NUMERIC,YES,FIXED;PERCENT,N/A,N/A,field,{field} IS NOT NULL AND NOT isnan({field}),COUNT,failed_count;failed_pct;denominator_count,{failed_count} of {denominator_count} ({failed_pct}%) failed this check.,SELECT * FROM {src} WHERE NOT ({field} IS NOT NULL AND NOT isnan({field})),Float presence: not null and not NaN.
COMP_IS_NULL,Is null,Completeness,Absent,Confirms that values are absent (null).,SINGLE_FIELD,COMPLETENESS,4,NO,ANY,YES,FIXED;PERCENT,N/A,YES,field,{field} IS NULL,COUNT,failed_count;failed_pct;denominator_count,{failed_count} of {denominator_count} ({failed_pct}%) failed this check.,SELECT * FROM {src} WHERE NOT ({field} IS NULL),Generic absence; negation of COMP_NOT_NULL.
COMP_STR_BLANK,Text null or blank,Completeness,Blank text,Confirms that text values are null or blank after trimming.,SINGLE_FIELD,COMPLETENESS,5,YES,STRING,YES,FIXED;PERCENT,N/A,N/A,field,{field} IS NULL OR length(trim({field})) = 0,COUNT,failed_count;failed_pct;denominator_count,{failed_count} of {denominator_count} ({failed_pct}%) failed this check.,SELECT * FROM {src} WHERE NOT ({field} IS NULL OR length(trim({field})) = 0),Negation of COMP_STR_NOT_BLANK.
COMP_NUM_NAN,Number null or NaN,Completeness,Null or NaN,Confirms that numeric values are null or NaN.,SINGLE_FIELD,COMPLETENESS,5,YES,NUMERIC,YES,FIXED;PERCENT,N/A,N/A,field,{field} IS NULL OR isnan({field}),COUNT,failed_count;failed_pct;denominator_count,{failed_count} of {denominator_count} ({failed_pct}%) failed this check.,SELECT * FROM {src} WHERE NOT ({field} IS NULL OR isnan({field})),Negation of COMP_NUM_NOT_NAN.
VAL_BETWEEN,Between,Validity,Between,Confirms that each value is between the given minimum and maximum.,SINGLE_FIELD,COMPARISON,4,NO,NUMERIC;DATE,YES,FIXED;PERCENT,N/A,YES,field;config_min;config_max,{field} IS NULL OR {field} BETWEEN {config_min} AND {config_max},COUNT,failed_count;failed_pct;denominator_count,{failed_count} of {denominator_count} ({failed_pct}%) failed this check.,SELECT * FROM {src} WHERE NOT ({field} IS NULL OR {field} BETWEEN {config_min} AND {config_max}),
VAL_EQ,Equals,Validity,Equals,Confirms that each value equals an expected constant.,SINGLE_FIELD,COMPARISON,4,NO,STRING;NUMERIC;DATE;BOOLEAN,YES,FIXED;PERCENT,N/A,YES,field;config_value,{field} IS NULL OR {field} = {config_value},COUNT,failed_count;failed_pct;denominator_count,{failed_count} of {denominator_count} ({failed_pct}%) failed this check.,SELECT * FROM {src} WHERE NOT ({field} IS NULL OR {field} = {config_value}),
VAL_GT,Greater than,Validity,Greater than,Confirms that each value is greater than the given value.,SINGLE_FIELD,COMPARISON,4,NO,NUMERIC;DATE,YES,FIXED;PERCENT,N/A,YES,field;config_min,{field} IS NULL OR {field} > {config_min},COUNT,failed_count;failed_pct;denominator_count,{failed_count} of {denominator_count} ({failed_pct}%) failed this check.,SELECT * FROM {src} WHERE NOT ({field} IS NULL OR {field} > {config_min}),
VAL_GTE,At least,Validity,At least,Confirms that each value is at least the given value.,SINGLE_FIELD,COMPARISON,4,NO,NUMERIC;DATE,YES,FIXED;PERCENT,N/A,YES,field;config_min,{field} IS NULL OR {field} >= {config_min},COUNT,failed_count;failed_pct;denominator_count,{failed_count} of {denominator_count} ({failed_pct}%) failed this check.,SELECT * FROM {src} WHERE NOT ({field} IS NULL OR {field} >= {config_min}),
VAL_LT,Less than,Validity,Less than,Confirms that each value is less than the given value.,SINGLE_FIELD,COMPARISON,4,NO,NUMERIC;DATE,YES,FIXED;PERCENT,N/A,YES,field;config_max,{field} IS NULL OR {field} < {config_max},COUNT,failed_count;failed_pct;denominator_count,{failed_count} of {denominator_count} ({failed_pct}%) failed this check.,SELECT * FROM {src} WHERE NOT ({field} IS NULL OR {field} < {config_max}),
VAL_LTE,At most,Validity,At most,Confirms that each value is at most the given value.,SINGLE_FIELD,COMPARISON,4,NO,NUMERIC;DATE,YES,FIXED;PERCENT,N/A,YES,field;config_max,{field} IS NULL OR {field} <= {config_max},COUNT,failed_count;failed_pct;denominator_count,{failed_count} of {denominator_count} ({failed_pct}%) failed this check.,SELECT * FROM {src} WHERE NOT ({field} IS NULL OR {field} <= {config_max}),
VAL_NOT_EQ,Not equals,Validity,Not equals,Confirms that each value does not equals an expected constant.,SINGLE_FIELD,COMPARISON,4,NO,STRING;NUMERIC;DATE;BOOLEAN,YES,FIXED;PERCENT,N/A,YES,field;config_value,{field} IS NULL OR {field} <> {config_value},COUNT,failed_count;failed_pct;denominator_count,{failed_count} of {denominator_count} ({failed_pct}%) failed this check.,SELECT * FROM {src} WHERE NOT ({field} IS NULL OR {field} <> {config_value}),
VAL_NOT_BETWEEN,Not between,Validity,Not between,Confirms that each value is not between the given minimum and maximum.,SINGLE_FIELD,COMPARISON,4,NO,NUMERIC;DATE,YES,FIXED;PERCENT,N/A,YES,field;config_min;config_max,{field} IS NULL OR {field} NOT BETWEEN {config_min} AND {config_max},COUNT,failed_count;failed_pct;denominator_count,{failed_count} of {denominator_count} ({failed_pct}%) failed this check.,SELECT * FROM {src} WHERE NOT ({field} IS NULL OR {field} NOT BETWEEN {config_min} AND {config_max}),"Negation of VAL_BETWEEN; violation = value lies inside [min,max]."
VAL_IN_SET,Value in allowed set,Validity,In allowed list,Confirms that each value is one of an approved list of options.,SINGLE_FIELD,MEMBERSHIP,5,YES,ANY,YES,FIXED;PERCENT,N/A,N/A,field;config_set,{field} IS NULL OR {field} IN {config_set},COUNT,failed_count;failed_pct;denominator_count,{failed_count} of {denominator_count} ({failed_pct}%) failed this check.,SELECT * FROM {src} WHERE NOT ({field} IS NULL OR {field} IN {config_set}),
VAL_NOT_IN_SET,Value not in forbidden set,Validity,Not in disallowed list,Flags values that appear on a disallowed list.,SINGLE_FIELD,MEMBERSHIP,5,YES,ANY,YES,FIXED;PERCENT,N/A,N/A,field;config_set,{field} IS NULL OR {field} NOT IN {config_set},COUNT,failed_count;failed_pct;denominator_count,{failed_count} of {denominator_count} ({failed_pct}%) failed this check.,SELECT * FROM {src} WHERE NOT ({field} IS NULL OR {field} NOT IN {config_set}),
VAL_LIKE,Matches text pattern,Validity,Matches a text pattern,Confirms that values follow a required text pattern.,SINGLE_FIELD,PATTERN,5,YES,STRING,YES,FIXED;PERCENT,N/A,N/A,field;config_pattern,{field} IS NULL OR {field} LIKE {config_pattern},COUNT,failed_count;failed_pct;denominator_count,{failed_count} of {denominator_count} ({failed_pct}%) failed this check.,SELECT * FROM {src} WHERE NOT ({field} IS NULL OR {field} LIKE {config_pattern}),
VAL_NOT_LIKE,Does not match text pattern,Validity,Avoids a text pattern,Flags values that follow a disallowed text pattern.,SINGLE_FIELD,PATTERN,5,YES,STRING,YES,FIXED;PERCENT,N/A,N/A,field;config_pattern,{field} IS NULL OR {field} NOT LIKE {config_pattern},COUNT,failed_count;failed_pct;denominator_count,{failed_count} of {denominator_count} ({failed_pct}%) failed this check.,SELECT * FROM {src} WHERE NOT ({field} IS NULL OR {field} NOT LIKE {config_pattern}),
VAL_ILIKE,Matches text pattern (case-insensitive),Validity,"Matches a text pattern, ignoring case","Confirms that values follow a required text pattern, ignoring letter case (ILIKE).",SINGLE_FIELD,PATTERN,5,YES,STRING,YES,FIXED;PERCENT,N/A,N/A,field;config_pattern,{field} IS NULL OR {field} ILIKE {config_pattern},COUNT,failed_count;failed_pct;denominator_count,{failed_count} of {denominator_count} ({failed_pct}%) failed this check.,SELECT * FROM {src} WHERE NOT ({field} IS NULL OR {field} ILIKE {config_pattern}),
VAL_NOT_ILIKE,Does not match text pattern (case-insensitive),Validity,"Avoids a text pattern, ignoring case","Flags values that follow a disallowed text pattern, ignoring letter case (NOT ILIKE).",SINGLE_FIELD,PATTERN,5,YES,STRING,YES,FIXED;PERCENT,N/A,N/A,field;config_pattern,{field} IS NULL OR {field} NOT ILIKE {config_pattern},COUNT,failed_count;failed_pct;denominator_count,{failed_count} of {denominator_count} ({failed_pct}%) failed this check.,SELECT * FROM {src} WHERE NOT ({field} IS NULL OR {field} NOT ILIKE {config_pattern}),
VAL_REGEX_MATCH,Matches regex pattern,Validity,Matches a regex format,Confirms that values follow a required regex format.,SINGLE_FIELD,PATTERN,8,NO,STRING,YES,FIXED;PERCENT,N/A,N/A,field;config_regex,"{field} IS NULL OR regexp_matches({field}, {config_regex})",COUNT,failed_count;failed_pct;denominator_count,{failed_count} of {denominator_count} ({failed_pct}%) failed this check.,"SELECT * FROM {src} WHERE NOT ({field} IS NULL OR regexp_matches({field}, {config_regex}))",
VAL_REGEX_NOT_MATCH,Does not match regex pattern,Validity,Avoids a regex format,Flags values that follow a disallowed regex format.,SINGLE_FIELD,PATTERN,8,NO,STRING,YES,FIXED;PERCENT,N/A,N/A,field;config_regex,"{field} IS NULL OR NOT regexp_matches({field}, {config_regex})",COUNT,failed_count;failed_pct;denominator_count,{failed_count} of {denominator_count} ({failed_pct}%) failed this check.,"SELECT * FROM {src} WHERE NOT ({field} IS NULL OR NOT regexp_matches({field}, {config_regex}))",
VAL_CONTAINS,Contains substring,Validity,Contains text,Confirms that values contain a required substring.,SINGLE_FIELD,PARTIAL_SEARCH,5,YES,STRING,YES,FIXED;PERCENT,N/A,N/A,field;config_substring,"{field} IS NULL OR contains({field}, {config_substring})",COUNT,failed_count;failed_pct;denominator_count,{failed_count} of {denominator_count} ({failed_pct}%) failed this check.,"SELECT * FROM {src} WHERE NOT ({field} IS NULL OR contains({field}, {config_substring}))",
VAL_ENDS_WITH,Ends with,Validity,Ends with,Confirms that values end with a required suffix.,SINGLE_FIELD,PARTIAL_SEARCH,5,YES,STRING,YES,FIXED;PERCENT,N/A,N/A,field;config_suffix,"{field} IS NULL OR ends_with({field}, {config_suffix})",COUNT,failed_count;failed_pct;denominator_count,{failed_count} of {denominator_count} ({failed_pct}%) failed this check.,"SELECT * FROM {src} WHERE NOT ({field} IS NULL OR ends_with({field}, {config_suffix}))",
VAL_NOT_CONTAINS,Does not contain substring,Validity,Excludes text,Flags values that contain a disallowed substring.,SINGLE_FIELD,PARTIAL_SEARCH,5,YES,STRING,YES,FIXED;PERCENT,N/A,N/A,field;config_substring,"{field} IS NULL OR NOT contains({field}, {config_substring})",COUNT,failed_count;failed_pct;denominator_count,{failed_count} of {denominator_count} ({failed_pct}%) failed this check.,"SELECT * FROM {src} WHERE NOT ({field} IS NULL OR NOT contains({field}, {config_substring}))",
VAL_NOT_ENDS_WITH,Does not end with,Validity,Does not end with,Flags values that end with a disallowed suffix.,SINGLE_FIELD,PARTIAL_SEARCH,5,YES,STRING,YES,FIXED;PERCENT,N/A,N/A,field;config_suffix,"{field} IS NULL OR NOT ends_with({field}, {config_suffix})",COUNT,failed_count;failed_pct;denominator_count,{failed_count} of {denominator_count} ({failed_pct}%) failed this check.,"SELECT * FROM {src} WHERE NOT ({field} IS NULL OR NOT ends_with({field}, {config_suffix}))",
VAL_NOT_STARTS_WITH,Does not start with,Validity,Does not start with,Flags values that begin with a disallowed prefix.,SINGLE_FIELD,PARTIAL_SEARCH,5,YES,STRING,YES,FIXED;PERCENT,N/A,N/A,field;config_prefix,"{field} IS NULL OR NOT starts_with({field}, {config_prefix})",COUNT,failed_count;failed_pct;denominator_count,{failed_count} of {denominator_count} ({failed_pct}%) failed this check.,"SELECT * FROM {src} WHERE NOT ({field} IS NULL OR NOT starts_with({field}, {config_prefix}))",
VAL_STARTS_WITH,Starts with,Validity,Starts with,Confirms that values begin with a required prefix.,SINGLE_FIELD,PARTIAL_SEARCH,5,YES,STRING,YES,FIXED;PERCENT,N/A,N/A,field;config_prefix,"{field} IS NULL OR starts_with({field}, {config_prefix})",COUNT,failed_count;failed_pct;denominator_count,{failed_count} of {denominator_count} ({failed_pct}%) failed this check.,"SELECT * FROM {src} WHERE NOT ({field} IS NULL OR starts_with({field}, {config_prefix}))",
VAL_DELIMITED_PARTS_COUNT,Delimited part count,Validity,Expected part count,Confirms that values split into an expected number of parts by a delimiter.,SINGLE_FIELD,TEXT_VALIDATION,5,YES,STRING,YES,FIXED;PERCENT,N/A,N/A,field;config_delimiter;config_value,"{field} IS NULL OR len(string_split({field}, {config_delimiter})) = {config_value}",COUNT,failed_count;failed_pct;denominator_count,{failed_count} of {denominator_count} ({failed_pct}%) failed this check.,"SELECT * FROM {src} WHERE NOT ({field} IS NULL OR len(string_split({field}, {config_delimiter})) = {config_value})","Uses string_split() into a list, then len(). e.g. a code with exactly 3 hyphen-separated parts."
VAL_FUZZY_MATCH,Fuzzy match to value,Validity,Close Fuzzy match,"Confirms that values closely matches an expected value using fuzzy logic, allowing minor differences.",SINGLE_FIELD,TEXT_VALIDATION,5,YES,STRING,YES,FIXED;PERCENT,N/A,N/A,field;config_distance;config_value,"{field} IS NULL OR levenshtein({field}, {config_value}) <= {config_distance}",COUNT,failed_count;failed_pct;denominator_count,{failed_count} of {denominator_count} ({failed_pct}%) failed this check.,"SELECT * FROM {src} WHERE NOT ({field} IS NULL OR levenshtein({field}, {config_value}) <= {config_distance})",Uses Levenshtein edit distance; config_distance is the allowed number of edits.
VAL_IS_ALPHA,Letters only,Validity,Letters only,Confirms that values contain only letters.,SINGLE_FIELD,TEXT_VALIDATION,5,YES,STRING,YES,FIXED;PERCENT,N/A,N/A,field,"{field} IS NULL OR regexp_matches({field}, '^[A-Za-z]+$')",COUNT,failed_count;failed_pct;denominator_count,{failed_count} of {denominator_count} ({failed_pct}%) failed this check.,"SELECT * FROM {src} WHERE NOT ({field} IS NULL OR regexp_matches({field}, '^[A-Za-z]+$'))",
VAL_IS_ALPHANUMERIC,Alphanumeric only,Validity,Letters and digits only,Confirms that values contain only letters and digits.,SINGLE_FIELD,TEXT_VALIDATION,5,YES,STRING,YES,FIXED;PERCENT,N/A,N/A,field,"{field} IS NULL OR regexp_matches({field}, '^[A-Za-z0-9]+$')",COUNT,failed_count;failed_pct;denominator_count,{failed_count} of {denominator_count} ({failed_pct}%) failed this check.,"SELECT * FROM {src} WHERE NOT ({field} IS NULL OR regexp_matches({field}, '^[A-Za-z0-9]+$'))",
VAL_IS_LOWERCASE,Is lowercase,Validity,Lowercase only,Confirms that values are entirely lowercase.,SINGLE_FIELD,TEXT_VALIDATION,5,YES,STRING,YES,FIXED;PERCENT,N/A,N/A,field,{field} IS NULL OR {field} = lower({field}),COUNT,failed_count;failed_pct;denominator_count,{failed_count} of {denominator_count} ({failed_pct}%) failed this check.,SELECT * FROM {src} WHERE NOT ({field} IS NULL OR {field} = lower({field})),
VAL_IS_NUMERIC_STRING,Numeric text,Validity,Numeric text,Confirms that text values represent a number.,SINGLE_FIELD,TEXT_VALIDATION,5,YES,STRING,YES,FIXED;PERCENT,N/A,N/A,field,"{field} IS NULL OR regexp_matches({field}, '^-?[0-9]+(\.[0-9]+)?$')",COUNT,failed_count;failed_pct;denominator_count,{failed_count} of {denominator_count} ({failed_pct}%) failed this check.,"SELECT * FROM {src} WHERE NOT ({field} IS NULL OR regexp_matches({field}, '^-?[0-9]+(\.[0-9]+)?$'))",
VAL_IS_UPPERCASE,Is uppercase,Validity,Uppercase only,Confirms that values are entirely uppercase.,SINGLE_FIELD,TEXT_VALIDATION,5,YES,STRING,YES,FIXED;PERCENT,N/A,N/A,field,{field} IS NULL OR {field} = upper({field}),COUNT,failed_count;failed_pct;denominator_count,{failed_count} of {denominator_count} ({failed_pct}%) failed this check.,SELECT * FROM {src} WHERE NOT ({field} IS NULL OR {field} = upper({field})),
VAL_NO_ACCENTS,No accented characters,Validity,No accents,Confirms that values contain no accented characters.,SINGLE_FIELD,TEXT_VALIDATION,5,YES,STRING,YES,FIXED;PERCENT,N/A,N/A,field,{field} IS NULL OR {field} = strip_accents({field}),COUNT,failed_count;failed_pct;denominator_count,{failed_count} of {denominator_count} ({failed_pct}%) failed this check.,SELECT * FROM {src} WHERE NOT ({field} IS NULL OR {field} = strip_accents({field})),Uses strip_accents(); flags values changed by accent removal.
VAL_NO_DOUBLE_SPACE,No double spaces,Validity,No double spaces,Confirms that values contain no consecutive spaces.,SINGLE_FIELD,TEXT_VALIDATION,5,YES,STRING,YES,FIXED;PERCENT,N/A,N/A,field,{field} IS NULL OR {field} NOT LIKE '%  %',COUNT,failed_count;failed_pct;denominator_count,{failed_count} of {denominator_count} ({failed_pct}%) failed this check.,SELECT * FROM {src} WHERE NOT ({field} IS NULL OR {field} NOT LIKE '%  %'),
VAL_NO_LEADING_TRAILING_SPACE,No leading or trailing spaces,Validity,No edge spaces,Confirms that values contain no leading or trailing spaces.,SINGLE_FIELD,TEXT_VALIDATION,5,YES,STRING,YES,FIXED;PERCENT,N/A,N/A,field,{field} IS NULL OR {field} = trim({field}),COUNT,failed_count;failed_pct;denominator_count,{failed_count} of {denominator_count} ({failed_pct}%) failed this check.,SELECT * FROM {src} WHERE NOT ({field} IS NULL OR {field} = trim({field})),
VAL_NO_SINGLE_SPACE,No space,Validity,Contains no space character,Confirms that values contain no space character at all; tabs and newlines are not checked.,SINGLE_FIELD,TEXT_VALIDATION,5,YES,STRING,YES,FIXED;PERCENT,N/A,N/A,field,{field} IS NULL OR {field} NOT LIKE '% %',COUNT,failed_count;failed_pct;denominator_count,{failed_count} of {denominator_count} ({failed_pct}%) failed this check.,SELECT * FROM {src} WHERE NOT ({field} IS NULL OR {field} NOT LIKE '% %'),Uses LIKE '% %' (literal space). Flags any single space; does not match tabs or newlines.
VAL_LENGTH_BETWEEN,Length between,Validity,Length between,Confirms that the text length is between the given minimum and maximum.,SINGLE_FIELD,LENGTH,5,YES,STRING,YES,FIXED;PERCENT,N/A,N/A,field;config_min;config_max,{field} IS NULL OR length({field}) BETWEEN {config_min} AND {config_max},COUNT,failed_count;failed_pct;denominator_count,{failed_count} of {denominator_count} ({failed_pct}%) failed this check.,SELECT * FROM {src} WHERE NOT ({field} IS NULL OR length({field}) BETWEEN {config_min} AND {config_max}),
VAL_LENGTH_EQ,Length equal to,Validity,Length equal to,Confirms that the text length is equal to the given value.,SINGLE_FIELD,LENGTH,5,YES,STRING,YES,FIXED;PERCENT,N/A,N/A,field;config_value,{field} IS NULL OR length({field}) = {config_value},COUNT,failed_count;failed_pct;denominator_count,{failed_count} of {denominator_count} ({failed_pct}%) failed this check.,SELECT * FROM {src} WHERE NOT ({field} IS NULL OR length({field}) = {config_value}),
VAL_LENGTH_GT,Length greater than,Validity,Length greater than,Confirms that the text length is greater than the given value.,SINGLE_FIELD,LENGTH,5,YES,STRING,YES,FIXED;PERCENT,N/A,N/A,field;config_min,{field} IS NULL OR length({field}) > {config_min},COUNT,failed_count;failed_pct;denominator_count,{failed_count} of {denominator_count} ({failed_pct}%) failed this check.,SELECT * FROM {src} WHERE NOT ({field} IS NULL OR length({field}) > {config_min}),
VAL_LENGTH_GTE,Length at least,Validity,Length at least,Confirms that the text length is at least the given value.,SINGLE_FIELD,LENGTH,5,YES,STRING,YES,FIXED;PERCENT,N/A,N/A,field;config_min,{field} IS NULL OR length({field}) >= {config_min},COUNT,failed_count;failed_pct;denominator_count,{failed_count} of {denominator_count} ({failed_pct}%) failed this check.,SELECT * FROM {src} WHERE NOT ({field} IS NULL OR length({field}) >= {config_min}),
VAL_LENGTH_LT,Length less than,Validity,Length less than,Confirms that the text length is less than the given value.,SINGLE_FIELD,LENGTH,5,YES,STRING,YES,FIXED;PERCENT,N/A,N/A,field;config_max,{field} IS NULL OR length({field}) < {config_max},COUNT,failed_count;failed_pct;denominator_count,{failed_count} of {denominator_count} ({failed_pct}%) failed this check.,SELECT * FROM {src} WHERE NOT ({field} IS NULL OR length({field}) < {config_max}),
VAL_LENGTH_LTE,Length at most,Validity,Length at most,Confirms that the text length is at most the given value.,SINGLE_FIELD,LENGTH,5,YES,STRING,YES,FIXED;PERCENT,N/A,N/A,field;config_max,{field} IS NULL OR length({field}) <= {config_max},COUNT,failed_count;failed_pct;denominator_count,{failed_count} of {denominator_count} ({failed_pct}%) failed this check.,SELECT * FROM {src} WHERE NOT ({field} IS NULL OR length({field}) <= {config_max}),
VAL_ABS_BETWEEN,Magnitude between,Validity,Magnitude between,Confirms that the magnitude (ignoring sign) is between the given minimum and maximum.,SINGLE_FIELD,MAGNITUDE,5,YES,NUMERIC,YES,FIXED;PERCENT,N/A,N/A,field;config_min;config_max,{field} IS NULL OR abs({field}) BETWEEN {config_min} AND {config_max},COUNT,failed_count;failed_pct;denominator_count,{failed_count} of {denominator_count} ({failed_pct}%) failed this check.,SELECT * FROM {src} WHERE NOT ({field} IS NULL OR abs({field}) BETWEEN {config_min} AND {config_max}),
VAL_ABS_GT,Magnitude greater than,Validity,Magnitude greater than,Confirms that the magnitude (ignoring sign) is greater than the given value.,SINGLE_FIELD,MAGNITUDE,5,YES,NUMERIC,YES,FIXED;PERCENT,N/A,N/A,field;config_min,{field} IS NULL OR abs({field}) > {config_min},COUNT,failed_count;failed_pct;denominator_count,{failed_count} of {denominator_count} ({failed_pct}%) failed this check.,SELECT * FROM {src} WHERE NOT ({field} IS NULL OR abs({field}) > {config_min}),
VAL_ABS_GTE,Magnitude at least,Validity,Magnitude at least,Confirms that the magnitude (ignoring sign) is at least the given value.,SINGLE_FIELD,MAGNITUDE,5,YES,NUMERIC,YES,FIXED;PERCENT,N/A,N/A,field;config_min,{field} IS NULL OR abs({field}) >= {config_min},COUNT,failed_count;failed_pct;denominator_count,{failed_count} of {denominator_count} ({failed_pct}%) failed this check.,SELECT * FROM {src} WHERE NOT ({field} IS NULL OR abs({field}) >= {config_min}),
VAL_ABS_LT,Magnitude less than,Validity,Magnitude less than,Confirms that the magnitude (ignoring sign) is less than the given value.,SINGLE_FIELD,MAGNITUDE,5,YES,NUMERIC,YES,FIXED;PERCENT,N/A,N/A,field;config_max,{field} IS NULL OR abs({field}) < {config_max},COUNT,failed_count;failed_pct;denominator_count,{failed_count} of {denominator_count} ({failed_pct}%) failed this check.,SELECT * FROM {src} WHERE NOT ({field} IS NULL OR abs({field}) < {config_max}),
VAL_ABS_LTE,Magnitude at most,Validity,Magnitude at most,Confirms that the magnitude (ignoring sign) is at most the given value.,SINGLE_FIELD,MAGNITUDE,5,YES,NUMERIC,YES,FIXED;PERCENT,N/A,N/A,field;config_max,{field} IS NULL OR abs({field}) <= {config_max},COUNT,failed_count;failed_pct;denominator_count,{failed_count} of {denominator_count} ({failed_pct}%) failed this check.,SELECT * FROM {src} WHERE NOT ({field} IS NULL OR abs({field}) <= {config_max}),
VAL_DIVISIBLE_BY,Divisible by,Validity,Divisible by,Confirms that values are exact multiples of a given number.,SINGLE_FIELD,NUMERIC,5,YES,NUMERIC,YES,FIXED;PERCENT,N/A,N/A,field;config_divisor,{field} IS NULL OR {field} % {config_divisor} = 0,COUNT,failed_count;failed_pct;denominator_count,{failed_count} of {denominator_count} ({failed_pct}%) failed this check.,SELECT * FROM {src} WHERE NOT ({field} IS NULL OR {field} % {config_divisor} = 0),
VAL_IS_FINITE,Finite number,Validity,Finite number,"Confirms that values are real finite numbers, not infinite or undefined.",SINGLE_FIELD,NUMERIC,5,YES,NUMERIC,YES,FIXED;PERCENT,N/A,N/A,field,{field} IS NULL OR isfinite({field}),COUNT,failed_count;failed_pct;denominator_count,{failed_count} of {denominator_count} ({failed_pct}%) failed this check.,SELECT * FROM {src} WHERE NOT ({field} IS NULL OR isfinite({field})),Rejects NaN and +/- infinity.
VAL_IS_INTEGER,Whole number,Validity,Whole number,Confirms that numeric values have no fractional part.,SINGLE_FIELD,NUMERIC,5,YES,NUMERIC,YES,FIXED;PERCENT,N/A,N/A,field,{field} IS NULL OR {field} = floor({field}),COUNT,failed_count;failed_pct;denominator_count,{failed_count} of {denominator_count} ({failed_pct}%) failed this check.,SELECT * FROM {src} WHERE NOT ({field} IS NULL OR {field} = floor({field})),
VAL_MAX_DECIMAL_PLACES,Maximum decimal places,Validity,Decimal places limit,Confirms that values do not exceed an allowed number of decimal places.,SINGLE_FIELD,NUMERIC,5,YES,NUMERIC,YES,FIXED;PERCENT,N/A,N/A,field;config_places,"{field} IS NULL OR round({field}, {config_places}) = {field}",COUNT,failed_count;failed_pct;denominator_count,{failed_count} of {denominator_count} ({failed_pct}%) failed this check.,"SELECT * FROM {src} WHERE NOT ({field} IS NULL OR round({field}, {config_places}) = {field})",config_value = maximum number of decimal places allowed.
VAL_NEGATIVE,Negative,Validity,Negative,Confirms that values are less than zero.,SINGLE_FIELD,NUMERIC,4,NO,NUMERIC,YES,FIXED;PERCENT,N/A,YES,field,{field} IS NULL OR {field} < 0,COUNT,failed_count;failed_pct;denominator_count,{failed_count} of {denominator_count} ({failed_pct}%) failed this check.,SELECT * FROM {src} WHERE NOT ({field} IS NULL OR {field} < 0),
VAL_NON_NEGATIVE,Non-negative,Validity,Zero or positive,Confirms that values are zero or greater.,SINGLE_FIELD,NUMERIC,4,NO,NUMERIC,YES,FIXED;PERCENT,N/A,YES,field,{field} IS NULL OR {field} >= 0,COUNT,failed_count;failed_pct;denominator_count,{failed_count} of {denominator_count} ({failed_pct}%) failed this check.,SELECT * FROM {src} WHERE NOT ({field} IS NULL OR {field} >= 0),
VAL_NON_POSITIVE,Non-positive,Validity,Zero or negative,Confirms that values are zero or less.,SINGLE_FIELD,NUMERIC,4,NO,NUMERIC,YES,FIXED;PERCENT,N/A,YES,field,{field} IS NULL OR {field} <= 0,COUNT,failed_count;failed_pct;denominator_count,{failed_count} of {denominator_count} ({failed_pct}%) failed this check.,SELECT * FROM {src} WHERE NOT ({field} IS NULL OR {field} <= 0),
VAL_NOT_DIVISIBLE_BY,Not divisible by,Validity,Not divisible by,Flags values that are exact multiples of a given number.,SINGLE_FIELD,NUMERIC,5,YES,NUMERIC,YES,FIXED;PERCENT,N/A,N/A,field;config_divisor,{field} IS NULL OR {field} % {config_divisor} <> 0,COUNT,failed_count;failed_pct;denominator_count,{failed_count} of {denominator_count} ({failed_pct}%) failed this check.,SELECT * FROM {src} WHERE NOT ({field} IS NULL OR {field} % {config_divisor} <> 0),
VAL_POSITIVE,Positive,Validity,Positive,Confirms that values are greater than zero.,SINGLE_FIELD,NUMERIC,4,NO,NUMERIC,YES,FIXED;PERCENT,N/A,YES,field,{field} IS NULL OR {field} > 0,COUNT,failed_count;failed_pct;denominator_count,{failed_count} of {denominator_count} ({failed_pct}%) failed this check.,SELECT * FROM {src} WHERE NOT ({field} IS NULL OR {field} > 0),
VAL_JSON_PARSEABLE,Valid JSON,Validity,Valid JSON,Confirms that values contain well-formed structured data.,SINGLE_FIELD,JSON,3,NO,STRING;JSON,YES,FIXED;PERCENT,N/A,N/A,field,{field} IS NULL OR json_valid({field}),COUNT,failed_count;failed_pct;denominator_count,{failed_count} of {denominator_count} ({failed_pct}%) failed this check.,SELECT * FROM {src} WHERE NOT ({field} IS NULL OR json_valid({field})),
VAL_TYPE_PARSEABLE,Parseable as type,Validity,Readable as type,"Confirms that text values can be read as the intended type, such as a number or date.",SINGLE_FIELD,PARSING,3,NO,STRING,YES,FIXED;PERCENT,N/A,N/A,field;config_target_type,{field} IS NULL OR try_cast({field} AS {config_target_type}) IS NOT NULL,COUNT,failed_count;failed_pct;denominator_count,{failed_count} of {denominator_count} ({failed_pct}%) failed this check.,SELECT * FROM {src} WHERE NOT ({field} IS NULL OR try_cast({field} AS {config_target_type}) IS NOT NULL),target_type e.g. INTEGER;DOUBLE;DATE;BOOLEAN.
VAL_AGE_BETWEEN,Age between,Validity,Age between,Confirms that the age is between the given minimum and maximum.,SINGLE_FIELD,DATE_CALCULATION,7,YES,DATE,YES,FIXED;PERCENT,N/A,N/A,field;reference_value;age_unit;config_min;config_max,"{field} IS NULL OR date_diff({age_unit}, {field}, {reference_value}) BETWEEN {config_min} AND {config_max}",COUNT,failed_count;failed_pct;denominator_count,{failed_count} of {denominator_count} ({failed_pct}%) failed this check.,"SELECT * FROM {src} WHERE NOT ({field} IS NULL OR date_diff({age_unit}, {field}, {reference_value}) BETWEEN {config_min} AND {config_max})",
VAL_AGE_GT,Age greater than,Validity,Age greater than,Confirms that the age is greater than the given value.,SINGLE_FIELD,DATE_CALCULATION,7,YES,DATE,YES,FIXED;PERCENT,N/A,N/A,field;reference_value;age_unit;config_min,"{field} IS NULL OR date_diff({age_unit}, {field}, {reference_value}) > {config_min}",COUNT,failed_count;failed_pct;denominator_count,{failed_count} of {denominator_count} ({failed_pct}%) failed this check.,"SELECT * FROM {src} WHERE NOT ({field} IS NULL OR date_diff({age_unit}, {field}, {reference_value}) > {config_min})",
VAL_AGE_GTE,Age at least,Validity,Age at least,Confirms that the age is at least the given value.,SINGLE_FIELD,DATE_CALCULATION,7,YES,DATE,YES,FIXED;PERCENT,N/A,N/A,field;reference_value;age_unit;config_min,"{field} IS NULL OR date_diff({age_unit}, {field}, {reference_value}) >= {config_min}",COUNT,failed_count;failed_pct;denominator_count,{failed_count} of {denominator_count} ({failed_pct}%) failed this check.,"SELECT * FROM {src} WHERE NOT ({field} IS NULL OR date_diff({age_unit}, {field}, {reference_value}) >= {config_min})",
VAL_AGE_LT,Age less than,Validity,Age less than,Confirms that the age is less than the given value.,SINGLE_FIELD,DATE_CALCULATION,7,YES,DATE,YES,FIXED;PERCENT,N/A,N/A,field;reference_value;age_unit;config_max,"{field} IS NULL OR date_diff({age_unit}, {field}, {reference_value}) < {config_max}",COUNT,failed_count;failed_pct;denominator_count,{failed_count} of {denominator_count} ({failed_pct}%) failed this check.,"SELECT * FROM {src} WHERE NOT ({field} IS NULL OR date_diff({age_unit}, {field}, {reference_value}) < {config_max})",
VAL_AGE_LTE,Age at most,Validity,Age at most,Confirms that the age is at most the given value.,SINGLE_FIELD,DATE_CALCULATION,7,YES,DATE,YES,FIXED;PERCENT,N/A,N/A,field;reference_value;age_unit;config_max,"{field} IS NULL OR date_diff({age_unit}, {field}, {reference_value}) <= {config_max}",COUNT,failed_count;failed_pct;denominator_count,{failed_count} of {denominator_count} ({failed_pct}%) failed this check.,"SELECT * FROM {src} WHERE NOT ({field} IS NULL OR date_diff({age_unit}, {field}, {reference_value}) <= {config_max})",
VAL_DATE_FORMAT,Date format,Validity,Date format,Confirms that dates are recorded in the expected format.,SINGLE_FIELD,PARSING,3,NO,STRING,YES,FIXED;PERCENT,N/A,N/A,field;config_date_format,"{field} IS NULL OR try_strptime({field}, {config_date_format}) IS NOT NULL",COUNT,failed_count;failed_pct;denominator_count,{failed_count} of {denominator_count} ({failed_pct}%) failed this check.,"SELECT * FROM {src} WHERE NOT ({field} IS NULL OR try_strptime({field}, {config_date_format}) IS NOT NULL)",
VAL_DOW_IN_SET,Day of week in set,Validity,Allowed weekday,Confirms that dates fall on approved days of the week.,SINGLE_FIELD,DATE_CALCULATION,7,YES,DATE,YES,FIXED;PERCENT,N/A,N/A,field;config_set,{field} IS NULL OR dayofweek({field}) IN {config_set},COUNT,failed_count;failed_pct;denominator_count,{failed_count} of {denominator_count} ({failed_pct}%) failed this check.,SELECT * FROM {src} WHERE NOT ({field} IS NULL OR dayofweek({field}) IN {config_set}),expected_dow as integers (0=Sunday..6=Saturday).
VAL_HOUR_BETWEEN,Hour between,Validity,Hour between,Confirms that the hour of day is between the given minimum and maximum.,SINGLE_FIELD,DATE_CALCULATION,7,YES,DATE,YES,FIXED;PERCENT,N/A,N/A,field;config_min;config_max,{field} IS NULL OR hour({field}) BETWEEN {config_min} AND {config_max},COUNT,failed_count;failed_pct;denominator_count,{failed_count} of {denominator_count} ({failed_pct}%) failed this check.,SELECT * FROM {src} WHERE NOT ({field} IS NULL OR hour({field}) BETWEEN {config_min} AND {config_max}),
VAL_HOUR_GT,Hour greater than,Validity,Hour greater than,Confirms that the hour of day is greater than the given value.,SINGLE_FIELD,DATE_CALCULATION,7,YES,DATE,YES,FIXED;PERCENT,N/A,N/A,field;config_min,{field} IS NULL OR hour({field}) > {config_min},COUNT,failed_count;failed_pct;denominator_count,{failed_count} of {denominator_count} ({failed_pct}%) failed this check.,SELECT * FROM {src} WHERE NOT ({field} IS NULL OR hour({field}) > {config_min}),
VAL_HOUR_GTE,Hour at least,Validity,Hour at least,Confirms that the hour of day is at least the given value.,SINGLE_FIELD,DATE_CALCULATION,7,YES,DATE,YES,FIXED;PERCENT,N/A,N/A,field;config_min,{field} IS NULL OR hour({field}) >= {config_min},COUNT,failed_count;failed_pct;denominator_count,{failed_count} of {denominator_count} ({failed_pct}%) failed this check.,SELECT * FROM {src} WHERE NOT ({field} IS NULL OR hour({field}) >= {config_min}),
VAL_HOUR_LT,Hour less than,Validity,Hour less than,Confirms that the hour of day is less than the given value.,SINGLE_FIELD,DATE_CALCULATION,7,YES,DATE,YES,FIXED;PERCENT,N/A,N/A,field;config_max,{field} IS NULL OR hour({field}) < {config_max},COUNT,failed_count;failed_pct;denominator_count,{failed_count} of {denominator_count} ({failed_pct}%) failed this check.,SELECT * FROM {src} WHERE NOT ({field} IS NULL OR hour({field}) < {config_max}),
VAL_HOUR_LTE,Hour at most,Validity,Hour at most,Confirms that the hour of day is at most the given value.,SINGLE_FIELD,DATE_CALCULATION,7,YES,DATE,YES,FIXED;PERCENT,N/A,N/A,field;config_max,{field} IS NULL OR hour({field}) <= {config_max},COUNT,failed_count;failed_pct;denominator_count,{failed_count} of {denominator_count} ({failed_pct}%) failed this check.,SELECT * FROM {src} WHERE NOT ({field} IS NULL OR hour({field}) <= {config_max}),
VAL_MONTH_IN_SET,Month in set,Validity,Allowed month,Confirms that dates fall in approved months.,SINGLE_FIELD,DATE_CALCULATION,7,YES,DATE,YES,FIXED;PERCENT,N/A,N/A,field;config_set,{field} IS NULL OR month({field}) IN {config_set},COUNT,failed_count;failed_pct;denominator_count,{failed_count} of {denominator_count} ({failed_pct}%) failed this check.,SELECT * FROM {src} WHERE NOT ({field} IS NULL OR month({field}) IN {config_set}),expected_months as integers 1-12.
VAL_NOT_FUTURE_WRT_CFG,Not in the future wrt config,Validity,Not in the future wrt config,Flags dates that fall after the configured datetime.,SINGLE_FIELD,DATE_CALCULATION,6,NO,DATE,YES,FIXED;PERCENT,N/A,YES,field;compare_with,{field} IS NULL OR {field} <= {compare_with},COUNT,failed_count;failed_pct;denominator_count,{failed_count} of {denominator_count} ({failed_pct}%) failed this check.,SELECT * FROM {src} WHERE NOT ({field} IS NULL OR {field} <= {compare_with}),
VAL_NOT_PAST_WRT_CFG,Not in the past wrt config,Validity,Not in the past wrt config,Flags dates that fall before the configured datetime.,SINGLE_FIELD,DATE_CALCULATION,6,NO,DATE,YES,FIXED;PERCENT,N/A,YES,field;compare_with,{field} IS NULL OR {field} >= {compare_with},COUNT,failed_count;failed_pct;denominator_count,{failed_count} of {denominator_count} ({failed_pct}%) failed this check.,SELECT * FROM {src} WHERE NOT ({field} IS NULL OR {field} >= {compare_with}),
VAL_QUARTER_IN_SET,Quarter in set,Validity,Allowed quarter,Confirms that dates fall in approved quarters.,SINGLE_FIELD,DATE_CALCULATION,7,YES,DATE,YES,FIXED;PERCENT,N/A,N/A,field;config_set,{field} IS NULL OR quarter({field}) IN {config_set},COUNT,failed_count;failed_pct;denominator_count,{failed_count} of {denominator_count} ({failed_pct}%) failed this check.,SELECT * FROM {src} WHERE NOT ({field} IS NULL OR quarter({field}) IN {config_set}),expected_quarters as integers 1-4.
VAL_YEAR_BETWEEN,Year between,Validity,Year between,Confirms that the year is between the given minimum and maximum.,SINGLE_FIELD,DATE_CALCULATION,7,YES,DATE,YES,FIXED;PERCENT,N/A,N/A,field;config_min;config_max,{field} IS NULL OR year({field}) BETWEEN {config_min} AND {config_max},COUNT,failed_count;failed_pct;denominator_count,{failed_count} of {denominator_count} ({failed_pct}%) failed this check.,SELECT * FROM {src} WHERE NOT ({field} IS NULL OR year({field}) BETWEEN {config_min} AND {config_max}),
VAL_YEAR_EQ,Year equal to,Validity,Year equal to,Confirms that the year is equal to the given value.,SINGLE_FIELD,DATE_CALCULATION,7,YES,DATE,YES,FIXED;PERCENT,N/A,N/A,field;config_value,{field} IS NULL OR year({field}) = {config_value},COUNT,failed_count;failed_pct;denominator_count,{failed_count} of {denominator_count} ({failed_pct}%) failed this check.,SELECT * FROM {src} WHERE NOT ({field} IS NULL OR year({field}) = {config_value}),
VAL_YEAR_GT,Year greater than,Validity,Year greater than,Confirms that the year is greater than the given value.,SINGLE_FIELD,DATE_CALCULATION,7,YES,DATE,YES,FIXED;PERCENT,N/A,N/A,field;config_min,{field} IS NULL OR year({field}) > {config_min},COUNT,failed_count;failed_pct;denominator_count,{failed_count} of {denominator_count} ({failed_pct}%) failed this check.,SELECT * FROM {src} WHERE NOT ({field} IS NULL OR year({field}) > {config_min}),
VAL_YEAR_GTE,Year at least,Validity,Year at least,Confirms that the year is at least the given value.,SINGLE_FIELD,DATE_CALCULATION,7,YES,DATE,YES,FIXED;PERCENT,N/A,N/A,field;config_min,{field} IS NULL OR year({field}) >= {config_min},COUNT,failed_count;failed_pct;denominator_count,{failed_count} of {denominator_count} ({failed_pct}%) failed this check.,SELECT * FROM {src} WHERE NOT ({field} IS NULL OR year({field}) >= {config_min}),
VAL_YEAR_LT,Year less than,Validity,Year less than,Confirms that the year is less than the given value.,SINGLE_FIELD,DATE_CALCULATION,7,YES,DATE,YES,FIXED;PERCENT,N/A,N/A,field;config_max,{field} IS NULL OR year({field}) < {config_max},COUNT,failed_count;failed_pct;denominator_count,{failed_count} of {denominator_count} ({failed_pct}%) failed this check.,SELECT * FROM {src} WHERE NOT ({field} IS NULL OR year({field}) < {config_max}),
VAL_YEAR_LTE,Year at most,Validity,Year at most,Confirms that the year is at most the given value.,SINGLE_FIELD,DATE_CALCULATION,7,YES,DATE,YES,FIXED;PERCENT,N/A,N/A,field;config_max,{field} IS NULL OR year({field}) <= {config_max},COUNT,failed_count;failed_pct;denominator_count,{failed_count} of {denominator_count} ({failed_pct}%) failed this check.,SELECT * FROM {src} WHERE NOT ({field} IS NULL OR year({field}) <= {config_max}),
VAL_BOOL_IS_FALSE,Is false,Validity,Is false,Confirms that boolean values are false.,SINGLE_FIELD,BOOLEAN,5,YES,BOOLEAN,YES,FIXED;PERCENT,N/A,N/A,field,{field} IS NULL OR {field} = FALSE,COUNT,failed_count;failed_pct;denominator_count,{failed_count} of {denominator_count} ({failed_pct}%) failed this check.,SELECT * FROM {src} WHERE NOT ({field} IS NULL OR {field} = FALSE),
VAL_BOOL_IS_TRUE,Is true,Validity,Is true,Confirms that boolean values are true.,SINGLE_FIELD,BOOLEAN,5,YES,BOOLEAN,YES,FIXED;PERCENT,N/A,N/A,field,{field} IS NULL OR {field} = TRUE,COUNT,failed_count;failed_pct;denominator_count,{failed_count} of {denominator_count} ({failed_pct}%) failed this check.,SELECT * FROM {src} WHERE NOT ({field} IS NULL OR {field} = TRUE),
LIST_CONTAINS,List contains element,Validity,List contains,Confirms that the list contains a required element.,SINGLE_FIELD,LIST,9,NO,LIST,YES,FIXED;PERCENT,N/A,N/A,field;config_value,"{field} IS NULL OR list_contains({field}, {config_value})",COUNT,failed_count;failed_pct;denominator_count,{failed_count} of {denominator_count} ({failed_pct}%) failed this check.,"SELECT * FROM {src} WHERE NOT ({field} IS NULL OR list_contains({field}, {config_value}))",
LIST_HAS_ALL,List has all elements,Validity,List has all,Confirms that the list contains all required elements.,SINGLE_FIELD,LIST,9,NO,LIST,YES,FIXED;PERCENT,N/A,N/A,field;config_set,"{field} IS NULL OR list_has_all({field}, {config_set})",COUNT,failed_count;failed_pct;denominator_count,{failed_count} of {denominator_count} ({failed_pct}%) failed this check.,"SELECT * FROM {src} WHERE NOT ({field} IS NULL OR list_has_all({field}, {config_set}))","required_values as a list literal, e.g. ['a','b']."
LIST_HAS_ANY,List has any element,Validity,List has any,Confirms that the list contains at least one of a set of elements.,SINGLE_FIELD,LIST,9,NO,LIST,YES,FIXED;PERCENT,N/A,N/A,field;config_set,"{field} IS NULL OR list_has_any({field}, {config_set})",COUNT,failed_count;failed_pct;denominator_count,{failed_count} of {denominator_count} ({failed_pct}%) failed this check.,"SELECT * FROM {src} WHERE NOT ({field} IS NULL OR list_has_any({field}, {config_set}))",any_of_values as a list literal.
LIST_LENGTH_BETWEEN,List length between,Validity,List length between,Confirms that the number of list elements is between the given minimum and maximum.,SINGLE_FIELD,LIST,9,NO,LIST,YES,FIXED;PERCENT,N/A,N/A,field;config_min;config_max,{field} IS NULL OR len({field}) BETWEEN {config_min} AND {config_max},COUNT,failed_count;failed_pct;denominator_count,{failed_count} of {denominator_count} ({failed_pct}%) failed this check.,SELECT * FROM {src} WHERE NOT ({field} IS NULL OR len({field}) BETWEEN {config_min} AND {config_max}),
LIST_LENGTH_EQ,List length equal to,Validity,List length equal to,Confirms that the number of list elements is equal to the given value.,SINGLE_FIELD,LIST,9,NO,LIST,YES,FIXED;PERCENT,N/A,N/A,field;config_value,{field} IS NULL OR len({field}) = {config_value},COUNT,failed_count;failed_pct;denominator_count,{failed_count} of {denominator_count} ({failed_pct}%) failed this check.,SELECT * FROM {src} WHERE NOT ({field} IS NULL OR len({field}) = {config_value}),
LIST_LENGTH_GT,List length greater than,Validity,List length greater than,Confirms that the number of list elements is greater than the given value.,SINGLE_FIELD,LIST,9,NO,LIST,YES,FIXED;PERCENT,N/A,N/A,field;config_min,{field} IS NULL OR len({field}) > {config_min},COUNT,failed_count;failed_pct;denominator_count,{failed_count} of {denominator_count} ({failed_pct}%) failed this check.,SELECT * FROM {src} WHERE NOT ({field} IS NULL OR len({field}) > {config_min}),
LIST_LENGTH_GTE,List length at least,Validity,List length at least,Confirms that the number of list elements is at least the given value.,SINGLE_FIELD,LIST,9,NO,LIST,YES,FIXED;PERCENT,N/A,N/A,field;config_min,{field} IS NULL OR len({field}) >= {config_min},COUNT,failed_count;failed_pct;denominator_count,{failed_count} of {denominator_count} ({failed_pct}%) failed this check.,SELECT * FROM {src} WHERE NOT ({field} IS NULL OR len({field}) >= {config_min}),
LIST_LENGTH_LT,List length less than,Validity,List length less than,Confirms that the number of list elements is less than the given value.,SINGLE_FIELD,LIST,9,NO,LIST,YES,FIXED;PERCENT,N/A,N/A,field;config_max,{field} IS NULL OR len({field}) < {config_max},COUNT,failed_count;failed_pct;denominator_count,{failed_count} of {denominator_count} ({failed_pct}%) failed this check.,SELECT * FROM {src} WHERE NOT ({field} IS NULL OR len({field}) < {config_max}),
LIST_LENGTH_LTE,List length at most,Validity,List length at most,Confirms that the number of list elements is at most the given value.,SINGLE_FIELD,LIST,9,NO,LIST,YES,FIXED;PERCENT,N/A,N/A,field;config_max,{field} IS NULL OR len({field}) <= {config_max},COUNT,failed_count;failed_pct;denominator_count,{failed_count} of {denominator_count} ({failed_pct}%) failed this check.,SELECT * FROM {src} WHERE NOT ({field} IS NULL OR len({field}) <= {config_max}),
LIST_NOT_EMPTY,List not empty,Completeness,List not empty,Confirms that the list contains at least one element.,SINGLE_FIELD,LIST,9,NO,LIST,YES,FIXED;PERCENT,N/A,N/A,field,{field} IS NULL OR len({field}) > 0,COUNT,failed_count;failed_pct;denominator_count,{failed_count} of {denominator_count} ({failed_pct}%) failed this check.,SELECT * FROM {src} WHERE NOT ({field} IS NULL OR len({field}) > 0),
LIST_NO_DUPLICATES,List has no duplicates,Uniqueness,List without duplicates,Confirms that the list contains no repeated elements.,SINGLE_FIELD,UNIQUENESS,991,NO,LIST,YES,FIXED;PERCENT,N/A,N/A,field,{field} IS NULL OR len({field}) = len(list_distinct({field})),COUNT,failed_count;failed_pct;denominator_count,{failed_count} of {denominator_count} ({failed_pct}%) failed this check.,SELECT * FROM {src} WHERE NOT ({field} IS NULL OR len({field}) = len(list_distinct({field}))),list_unique() counts distinct non-null elements; NULLs in the list affect the comparison.
VAL_JSON_ARRAY_LENGTH_BETWEEN,JSON array length between,Validity,JSON array length between,Confirms that the number of array elements is between the given minimum and maximum.,SINGLE_FIELD,JSON,10,NO,STRING;JSON,YES,FIXED;PERCENT,N/A,N/A,field;config_min;config_max,{field} IS NULL OR json_array_length({field}) BETWEEN {config_min} AND {config_max},COUNT,failed_count;failed_pct;denominator_count,{failed_count} of {denominator_count} ({failed_pct}%) failed this check.,SELECT * FROM {src} WHERE NOT ({field} IS NULL OR json_array_length({field}) BETWEEN {config_min} AND {config_max}),
VAL_JSON_ARRAY_LENGTH_EQ,JSON array length equal to,Validity,JSON array length equal to,Confirms that the number of array elements is equal to the given value.,SINGLE_FIELD,JSON,10,NO,STRING;JSON,YES,FIXED;PERCENT,N/A,N/A,field;config_value,{field} IS NULL OR json_array_length({field}) = {config_value},COUNT,failed_count;failed_pct;denominator_count,{failed_count} of {denominator_count} ({failed_pct}%) failed this check.,SELECT * FROM {src} WHERE NOT ({field} IS NULL OR json_array_length({field}) = {config_value}),
VAL_JSON_ARRAY_LENGTH_GT,JSON array length greater than,Validity,JSON array length greater than,Confirms that the number of array elements is greater than the given value.,SINGLE_FIELD,JSON,10,NO,STRING;JSON,YES,FIXED;PERCENT,N/A,N/A,field;config_min,{field} IS NULL OR json_array_length({field}) > {config_min},COUNT,failed_count;failed_pct;denominator_count,{failed_count} of {denominator_count} ({failed_pct}%) failed this check.,SELECT * FROM {src} WHERE NOT ({field} IS NULL OR json_array_length({field}) > {config_min}),
VAL_JSON_ARRAY_LENGTH_GTE,JSON array length at least,Validity,JSON array length at least,Confirms that the number of array elements is at least the given value.,SINGLE_FIELD,JSON,10,NO,STRING;JSON,YES,FIXED;PERCENT,N/A,N/A,field;config_min,{field} IS NULL OR json_array_length({field}) >= {config_min},COUNT,failed_count;failed_pct;denominator_count,{failed_count} of {denominator_count} ({failed_pct}%) failed this check.,SELECT * FROM {src} WHERE NOT ({field} IS NULL OR json_array_length({field}) >= {config_min}),
VAL_JSON_ARRAY_LENGTH_LT,JSON array length less than,Validity,JSON array length less than,Confirms that the number of array elements is less than the given value.,SINGLE_FIELD,JSON,10,NO,STRING;JSON,YES,FIXED;PERCENT,N/A,N/A,field;config_max,{field} IS NULL OR json_array_length({field}) < {config_max},COUNT,failed_count;failed_pct;denominator_count,{failed_count} of {denominator_count} ({failed_pct}%) failed this check.,SELECT * FROM {src} WHERE NOT ({field} IS NULL OR json_array_length({field}) < {config_max}),
VAL_JSON_ARRAY_LENGTH_LTE,JSON array length at most,Validity,JSON array length at most,Confirms that the number of array elements is at most the given value.,SINGLE_FIELD,JSON,10,NO,STRING;JSON,YES,FIXED;PERCENT,N/A,N/A,field;config_max,{field} IS NULL OR json_array_length({field}) <= {config_max},COUNT,failed_count;failed_pct;denominator_count,{failed_count} of {denominator_count} ({failed_pct}%) failed this check.,SELECT * FROM {src} WHERE NOT ({field} IS NULL OR json_array_length({field}) <= {config_max}),
VAL_JSON_HAS_KEY,JSON has key,Validity,JSON has key,Confirms that structured values contain a required key.,SINGLE_FIELD,JSON,10,NO,STRING;JSON,YES,FIXED;PERCENT,N/A,N/A,field;config_json_path,"{field} IS NULL OR json_exists({field}, {config_json_path})",COUNT,failed_count;failed_pct;denominator_count,{failed_count} of {denominator_count} ({failed_pct}%) failed this check.,"SELECT * FROM {src} WHERE NOT ({field} IS NULL OR json_exists({field}, {config_json_path}))",json_path like '$.customer.id'.
UNIQ_DISTINCT_COUNT_APPROX,Distinct count in range (approx),Uniqueness,Unique count in range (estimate),"Estimates whether the number of unique values falls within an expected range, within a small margin of error.",SINGLE_FIELD,UNIQUENESS,991,NO,ANY,YES,N/A,N/A,N/A,field;config_min;config_max,approx_count_distinct({field}),METRIC,result_value,Expected within {config_min} and {config_max}; Observed {result_value}.,,
UNIQ_DISTINCT_COUNT_EXACT,Distinct count in range (exact),Uniqueness,Unique count in range (exact),Confirms that the number of unique values falls within an expected range.,SINGLE_FIELD,UNIQUENESS,991,NO,ANY,YES,N/A,UNIQ_DISTINCT_COUNT_APPROX,N/A,field;config_min;config_max,count(DISTINCT {field}),METRIC,result_value,Expected within {config_min} and {config_max}; Observed {result_value}.,,Heavy on high-cardinality fields.
UNIQ_DISTINCT_COUNT_PROP_APPROX,Distinct proportion in range (approx),Uniqueness,Unique proportion in range (approx),"Confirms that the proportion of unique values over all rows falls within an expected range, estimated for speed.",SINGLE_FIELD,UNIQUENESS,991,NO,ANY,YES,N/A,N/A,N/A,field;config_min;config_max,approx_count_distinct({field}) * 1.0 / count(*),METRIC,result_value,Expected within {config_min} and {config_max}; Observed {result_value}.,,Proportion of distinct values over all rows (count(*) denominator). HyperLogLog estimate; cheap.
UNIQ_DISTINCT_COUNT_PROP_EXACT,Distinct proportion in range (exact),Uniqueness,Unique proportion in range (exact),"Confirms that the proportion of unique values over all rows falls within an expected range, computed exactly.",SINGLE_FIELD,UNIQUENESS,991,NO,ANY,YES,N/A,UNIQ_DISTINCT_COUNT_PROP_APPROX,N/A,field;config_min;config_max,count(DISTINCT {field}) * 1.0 / count(*),METRIC,result_value,Expected within {config_min} and {config_max}; Observed {result_value}.,,Proportion of distinct values over all rows (count(*) denominator). Exact; heavy on high-cardinality fields.
UNIQ_DUPLICATES_APPROX,No duplicates (approx),Uniqueness,No duplicate values (approx),"Estimates whether a field contains duplicate values, as a fast screen.",SINGLE_FIELD,UNIQUENESS,991,NO,ANY,YES,N/A,N/A,N/A,field,approx_count_distinct({field}) * 1.0 / count({field}),METRIC,result_value,Expected 1.0 (no duplicates); Observed {result_value}.,"SELECT {field}, COUNT(*) AS num_occurrences FROM {src} WHERE {field} IS NOT NULL GROUP BY {field} HAVING COUNT(*) > 1 ORDER BY num_occurrences DESC",
UNIQ_DUPLICATES_EXACT,No duplicates (exact),Uniqueness,No duplicate values (exact),"Confirms that a field contains no duplicate values, checked exactly.",SINGLE_FIELD,UNIQUENESS,991,NO,ANY,YES,N/A,UNIQ_DUPLICATES_APPROX,N/A,field,count(DISTINCT {field}) * 1.0 / count({field}),METRIC,result_value,Expected 1.0 (no duplicates); Observed {result_value}.,"SELECT {field}, COUNT(*) AS num_occurrences FROM {src} WHERE {field} IS NOT NULL GROUP BY {field} HAVING COUNT(*) > 1 ORDER BY num_occurrences DESC",Pass/fail: proportion of distinct non-null values must equal 1.0 (no duplicates); no threshold. Drill-down lists the duplicated values and their counts. Nulls ignored (non-null denominator). METRIC-with-drill-down is an intentional exception for duplicate enumeration.
MULT_FIELD_DUPLICATES_APPROX,No duplicate key (approx),Uniqueness,No duplicate field combination (approx),"Estimates whether a combination of fields contains duplicate rows, as a fast screen.",MULTIPLE_FIELDS,UNIQUENESS,992,NO,ANY,YES,N/A,N/A,N/A,key_fields,approx_count_distinct(({key_fields})) * 1.0 / count(*),METRIC,result_value,Expected 1.0 (no duplicates); Observed {result_value}.,"SELECT {key_fields}, COUNT(*) AS num_occurrences FROM {src} GROUP BY {key_fields} HAVING COUNT(*) > 1 ORDER BY num_occurrences DESC",
MULT_FIELD_DUPLICATES_EXACT,No duplicate key (exact),Uniqueness,No duplicate field combination (exact),"Confirms that a combination of fields contains no duplicate rows, checked exactly.",MULTIPLE_FIELDS,UNIQUENESS,992,NO,ANY,YES,N/A,MULT_FIELD_DUPLICATES_APPROX,N/A,key_fields,count(DISTINCT ({key_fields})) * 1.0 / count(*),METRIC,result_value,Expected 1.0 (no duplicates); Observed {result_value}.,"SELECT {key_fields}, COUNT(*) AS num_occurrences FROM {src} GROUP BY {key_fields} HAVING COUNT(*) > 1 ORDER BY num_occurrences DESC",Pass/fail over a composite key (distinct tuples vs count(*)); no threshold. Drill-down lists duplicate key combinations and counts. Null key components included (partition by NULL) - null policy to confirm. METRIC-with-drill-down is an intentional exception.
MULT_FIELD_BOTH_NULL_OR_BOTH_FILLED,Co-presence consistency,Consistency,Filled together,Confirms that two related fields are either both populated or both empty.,MULTIPLE_FIELDS,MULTIPLE_FIELDS,14,YES,ANY,YES,FIXED;PERCENT,N/A,N/A,field_a;field_b,({field_a} IS NULL) = ({field_b} IS NULL),COUNT,failed_count;failed_pct;denominator_count,{failed_count} of {denominator_count} ({failed_pct}%) failed this check.,SELECT * FROM {src} WHERE NOT (({field_a} IS NULL) = ({field_b} IS NULL)),e.g. latitude and longitude must both be present or both absent.
MULT_FIELD_COMB_IN_SET,Multiple field values in set,Consistency,Allowed field combination,Confirms that combinations of two fields are among the approved combinations.,MULTIPLE_FIELDS,MULTIPLE_FIELDS,14,YES,ANY,YES,FIXED;PERCENT,N/A,N/A,field_a;field_b;config_set,"{field_a} IS NULL OR {field_b} IS NULL OR ({field_a}, {field_b}) IN {config_set}",COUNT,failed_count;failed_pct;denominator_count,{failed_count} of {denominator_count} ({failed_pct}%) failed this check.,"SELECT * FROM {src} WHERE NOT ({field_a} IS NULL OR {field_b} IS NULL OR ({field_a}, {field_b}) IN {config_set})",
MULT_FIELD_COMPARE_GT,Field-to-field comparison: greater than,Consistency,First field is greater than second field,Confirms that the first field is greater than the second field for every record.,MULTIPLE_FIELDS,MULTIPLE_FIELDS,14,YES,NUMERIC;DATE,YES,FIXED;PERCENT,N/A,N/A,field_a;field_b,{field_a} IS NULL OR {field_b} IS NULL OR {field_a} > {field_b},COUNT,failed_count;failed_pct;denominator_count,{failed_count} of {denominator_count} ({failed_pct}%) failed this check.,SELECT * FROM {src} WHERE NOT ({field_a} IS NULL OR {field_b} IS NULL OR {field_a} > {field_b}),
MULT_FIELD_COMPARE_GTE,Field-to-field comparison: greater than or equal to,Consistency,First field is greater than or equal to second field,Confirms that the first field is greater than or equal to the second field for every record.,MULTIPLE_FIELDS,MULTIPLE_FIELDS,14,YES,NUMERIC;DATE,YES,FIXED;PERCENT,N/A,N/A,field_a;field_b,{field_a} IS NULL OR {field_b} IS NULL OR {field_a} >= {field_b},COUNT,failed_count;failed_pct;denominator_count,{failed_count} of {denominator_count} ({failed_pct}%) failed this check.,SELECT * FROM {src} WHERE NOT ({field_a} IS NULL OR {field_b} IS NULL OR {field_a} >= {field_b}),
MULT_FIELD_COMPARE_LT,Field-to-field comparison: less than,Consistency,First field is less than second field,Confirms that the first field is less than the second field for every record.,MULTIPLE_FIELDS,MULTIPLE_FIELDS,14,YES,NUMERIC;DATE,YES,FIXED;PERCENT,N/A,N/A,field_a;field_b,{field_a} IS NULL OR {field_b} IS NULL OR {field_a} < {field_b},COUNT,failed_count;failed_pct;denominator_count,{failed_count} of {denominator_count} ({failed_pct}%) failed this check.,SELECT * FROM {src} WHERE NOT ({field_a} IS NULL OR {field_b} IS NULL OR {field_a} < {field_b}),
MULT_FIELD_COMPARE_LTE,Field-to-field comparison: less than or equal to,Consistency,First field is less than or equal to second field,Confirms that the first field is less than or equal to the second field for every record.,MULTIPLE_FIELDS,MULTIPLE_FIELDS,14,YES,NUMERIC;DATE,YES,FIXED;PERCENT,N/A,N/A,field_a;field_b,{field_a} IS NULL OR {field_b} IS NULL OR {field_a} <= {field_b},COUNT,failed_count;failed_pct;denominator_count,{failed_count} of {denominator_count} ({failed_pct}%) failed this check.,SELECT * FROM {src} WHERE NOT ({field_a} IS NULL OR {field_b} IS NULL OR {field_a} <= {field_b}),
MULT_FIELD_COMPARE_EQ,Field-to-field comparison: equal to,Consistency,First field is equal to second field,Confirms that the first field is equal to the second field for every record.,MULTIPLE_FIELDS,MULTIPLE_FIELDS,14,YES,NUMERIC;DATE,YES,FIXED;PERCENT,N/A,N/A,field_a;field_b,{field_a} IS NULL OR {field_b} IS NULL OR {field_a} = {field_b},COUNT,failed_count;failed_pct;denominator_count,{failed_count} of {denominator_count} ({failed_pct}%) failed this check.,SELECT * FROM {src} WHERE NOT ({field_a} IS NULL OR {field_b} IS NULL OR {field_a} = {field_b}),
MULT_FIELD_COMPARE_NEQ,Field-to-field comparison: not equal to,Consistency,First field is not equal to second field,Confirms that the first field is not equal to the second field for every record.,MULTIPLE_FIELDS,MULTIPLE_FIELDS,14,YES,NUMERIC;DATE,YES,FIXED;PERCENT,N/A,N/A,field_a;field_b,{field_a} IS NULL OR {field_b} IS NULL OR {field_a} <> {field_b},COUNT,failed_count;failed_pct;denominator_count,{failed_count} of {denominator_count} ({failed_pct}%) failed this check.,SELECT * FROM {src} WHERE NOT ({field_a} IS NULL OR {field_b} IS NULL OR {field_a} <> {field_b}),
MULT_FIELD_CORRELATION,Field correlation in range,Consistency,Field correlation in range,Confirms that the correlation between two fields falls within an expected range.,MULTIPLE_FIELDS,MULTIPLE_FIELDS,14,YES,NUMERIC,YES,N/A,N/A,N/A,field_a;field_b;config_min;config_max,"corr({field_a}, {field_b})",METRIC,result_value,Expected within {config_min} and {config_max}; Observed {result_value}.,,Cheap single-pass; dataset-level metric.
MULT_FIELD_EXPR_GT,Cross-field formula: greater than,Consistency,A field formula is greater than another expression,Confirms that the left expression is greater than the right expression for every record.,MULTIPLE_FIELDS,MULTIPLE_FIELDS,15,NO,NUMERIC,YES,FIXED;PERCENT,N/A,N/A,left_expression;right_expression,({left_expression}) IS NULL OR ({right_expression}) IS NULL OR ({left_expression}) > ({right_expression}),COUNT,failed_count;failed_pct;denominator_count,{failed_count} of {denominator_count} ({failed_pct}%) failed this check.,SELECT * FROM {src} WHERE NOT (({left_expression}) IS NULL OR ({right_expression}) IS NULL OR ({left_expression}) > ({right_expression})),"LHS = field or (field lhs_op field), lhs_op in + - * /. main_op in = <> < <= > >=. RHS = constant, field, or (field op field). Negation via main_op."
MULT_FIELD_EXPR_GTE,Cross-field formula: greater than or equal to,Consistency,A field formula is greater than or equal to another expression,Confirms that the left expression is greater than or equal to the right expression for every record.,MULTIPLE_FIELDS,MULTIPLE_FIELDS,15,NO,NUMERIC,YES,FIXED;PERCENT,N/A,N/A,left_expression;right_expression,({left_expression}) IS NULL OR ({right_expression}) IS NULL OR ({left_expression}) >= ({right_expression}),COUNT,failed_count;failed_pct;denominator_count,{failed_count} of {denominator_count} ({failed_pct}%) failed this check.,SELECT * FROM {src} WHERE NOT (({left_expression}) IS NULL OR ({right_expression}) IS NULL OR ({left_expression}) >= ({right_expression})),"LHS = field or (field lhs_op field), lhs_op in + - * /. main_op in = <> < <= > >=. RHS = constant, field, or (field op field). Negation via main_op."
MULT_FIELD_EXPR_LT,Cross-field formula: less than,Consistency,A field formula is less than another expression,Confirms that the left expression is less than the right expression for every record.,MULTIPLE_FIELDS,MULTIPLE_FIELDS,15,NO,NUMERIC,YES,FIXED;PERCENT,N/A,N/A,left_expression;right_expression,({left_expression}) IS NULL OR ({right_expression}) IS NULL OR ({left_expression}) < ({right_expression}),COUNT,failed_count;failed_pct;denominator_count,{failed_count} of {denominator_count} ({failed_pct}%) failed this check.,SELECT * FROM {src} WHERE NOT (({left_expression}) IS NULL OR ({right_expression}) IS NULL OR ({left_expression}) < ({right_expression})),"LHS = field or (field lhs_op field), lhs_op in + - * /. main_op in = <> < <= > >=. RHS = constant, field, or (field op field). Negation via main_op."
MULT_FIELD_EXPR_LTE,Cross-field formula: less than or equal to,Consistency,A field formula is less than or equal to another expression,Confirms that the left expression is less than or equal to the right expression for every record.,MULTIPLE_FIELDS,MULTIPLE_FIELDS,15,NO,NUMERIC,YES,FIXED;PERCENT,N/A,N/A,left_expression;right_expression,({left_expression}) IS NULL OR ({right_expression}) IS NULL OR ({left_expression}) <= ({right_expression}),COUNT,failed_count;failed_pct;denominator_count,{failed_count} of {denominator_count} ({failed_pct}%) failed this check.,SELECT * FROM {src} WHERE NOT (({left_expression}) IS NULL OR ({right_expression}) IS NULL OR ({left_expression}) <= ({right_expression})),"LHS = field or (field lhs_op field), lhs_op in + - * /. main_op in = <> < <= > >=. RHS = constant, field, or (field op field). Negation via main_op."
MULT_FIELD_EXPR_EQ,Cross-field formula: equal to,Consistency,A field formula is equal to another expression,Confirms that the left expression is equal to the right expression for every record.,MULTIPLE_FIELDS,MULTIPLE_FIELDS,15,NO,NUMERIC,YES,FIXED;PERCENT,N/A,N/A,left_expression;right_expression,({left_expression}) IS NULL OR ({right_expression}) IS NULL OR ({left_expression}) = ({right_expression}),COUNT,failed_count;failed_pct;denominator_count,{failed_count} of {denominator_count} ({failed_pct}%) failed this check.,SELECT * FROM {src} WHERE NOT (({left_expression}) IS NULL OR ({right_expression}) IS NULL OR ({left_expression}) = ({right_expression})),"LHS = field or (field lhs_op field), lhs_op in + - * /. main_op in = <> < <= > >=. RHS = constant, field, or (field op field). Negation via main_op."
MULT_FIELD_EXPR_NEQ,Cross-field formula: not equal to,Consistency,A field formula is not equal to another expression,Confirms that the left expression is not equal to the right expression for every record.,MULTIPLE_FIELDS,MULTIPLE_FIELDS,15,NO,NUMERIC,YES,FIXED;PERCENT,N/A,N/A,left_expression;right_expression,({left_expression}) IS NULL OR ({right_expression}) IS NULL OR ({left_expression}) <> ({right_expression}),COUNT,failed_count;failed_pct;denominator_count,{failed_count} of {denominator_count} ({failed_pct}%) failed this check.,SELECT * FROM {src} WHERE NOT (({left_expression}) IS NULL OR ({right_expression}) IS NULL OR ({left_expression}) <> ({right_expression})),"LHS = field or (field lhs_op field), lhs_op in + - * /. main_op in = <> < <= > >=. RHS = constant, field, or (field op field). Negation via main_op."
STAT_ENTROPY_BETWEEN,Entropy between,Validity,Entropy between,Confirms that the entropy is between the given minimum and maximum.,SINGLE_FIELD,STATISTICAL,13,YES,STRING;NUMERIC,YES,N/A,N/A,N/A,field;config_min;config_max,entropy({field}),METRIC,result_value,Expected within {config_min} and {config_max}; Observed {result_value}.,,
STAT_ENTROPY_GTE,Entropy at least,Validity,Entropy at least,Confirms that the entropy is at least the given value.,SINGLE_FIELD,STATISTICAL,13,YES,STRING;NUMERIC,YES,N/A,N/A,N/A,field;config_min,entropy({field}),METRIC,result_value,Expected at least {config_min}; Observed {result_value}.,,
STAT_ENTROPY_LTE,Entropy at most,Validity,Entropy at most,Confirms that the entropy is at most the given value.,SINGLE_FIELD,STATISTICAL,13,YES,STRING;NUMERIC,YES,N/A,N/A,N/A,field;config_max,entropy({field}),METRIC,result_value,Expected at most {config_max}; Observed {result_value}.,,
STAT_KURTOSIS_BETWEEN,Kurtosis between,Validity,Kurtosis between,Confirms that the kurtosis is between the given minimum and maximum.,SINGLE_FIELD,STATISTICAL,13,YES,NUMERIC,YES,N/A,N/A,N/A,field;config_min;config_max,kurtosis({field}),METRIC,result_value,Expected within {config_min} and {config_max}; Observed {result_value}.,,
STAT_KURTOSIS_GTE,Kurtosis at least,Validity,Kurtosis at least,Confirms that the kurtosis is at least the given value.,SINGLE_FIELD,STATISTICAL,13,YES,NUMERIC,YES,N/A,N/A,N/A,field;config_min,kurtosis({field}),METRIC,result_value,Expected at least {config_min}; Observed {result_value}.,,
STAT_KURTOSIS_LTE,Kurtosis at most,Validity,Kurtosis at most,Confirms that the kurtosis is at most the given value.,SINGLE_FIELD,STATISTICAL,13,YES,NUMERIC,YES,N/A,N/A,N/A,field;config_max,kurtosis({field}),METRIC,result_value,Expected at most {config_max}; Observed {result_value}.,,
STAT_MAX_BETWEEN,Maximum value between,Validity,Maximum value between,Confirms that the maximum value is between the given minimum and maximum.,SINGLE_FIELD,STATISTICAL,11,NO,NUMERIC,YES,N/A,N/A,YES,field;config_min;config_max,max({field}),METRIC,result_value,Expected within {config_min} and {config_max}; Observed {result_value}.,,
STAT_MAX_GT,Maximum value greater than,Validity,Maximum value greater than,Confirms that the maximum value is greater than the given value.,SINGLE_FIELD,STATISTICAL,11,NO,NUMERIC,YES,N/A,N/A,YES,field;config_min,max({field}),METRIC,result_value,Expected greater than {config_min}; Observed {result_value}.,,
STAT_MAX_GTE,Maximum value at least,Validity,Maximum value at least,Confirms that the maximum value is at least the given value.,SINGLE_FIELD,STATISTICAL,11,NO,NUMERIC,YES,N/A,N/A,YES,field;config_min,max({field}),METRIC,result_value,Expected at least {config_min}; Observed {result_value}.,,
STAT_MAX_LT,Maximum value less than,Validity,Maximum value less than,Confirms that the maximum value is less than the given value.,SINGLE_FIELD,STATISTICAL,11,NO,NUMERIC,YES,N/A,N/A,YES,field;config_max,max({field}),METRIC,result_value,Expected less than {config_max}; Observed {result_value}.,,
STAT_MAX_LTE,Maximum value at most,Validity,Maximum value at most,Confirms that the maximum value is at most the given value.,SINGLE_FIELD,STATISTICAL,11,NO,NUMERIC,YES,N/A,N/A,YES,field;config_max,max({field}),METRIC,result_value,Expected at most {config_max}; Observed {result_value}.,,
STAT_MEAN_BETWEEN,Average between,Validity,Average between,Confirms that the average is between the given minimum and maximum.,SINGLE_FIELD,STATISTICAL,13,YES,NUMERIC,YES,N/A,N/A,N/A,field;config_min;config_max,avg({field}),METRIC,result_value,Expected within {config_min} and {config_max}; Observed {result_value}.,,
STAT_MEAN_GTE,Average at least,Validity,Average at least,Confirms that the average is at least the given value.,SINGLE_FIELD,STATISTICAL,13,YES,NUMERIC,YES,N/A,N/A,N/A,field;config_min,avg({field}),METRIC,result_value,Expected at least {config_min}; Observed {result_value}.,,
STAT_MEAN_LTE,Average at most,Validity,Average at most,Confirms that the average is at most the given value.,SINGLE_FIELD,STATISTICAL,13,YES,NUMERIC,YES,N/A,N/A,N/A,field;config_max,avg({field}),METRIC,result_value,Expected at most {config_max}; Observed {result_value}.,,
STAT_MEDIAN_BETWEEN,Approx Median between,Validity,Approx Median between,Confirms that the median (approximate) is between the given minimum and maximum.,SINGLE_FIELD,STATISTICAL,12,NO,NUMERIC,YES,N/A,N/A,N/A,field;config_min;config_max,"approx_quantile({field}, 0.5)",METRIC,result_value,Expected within {config_min} and {config_max}; Observed {result_value}.,,
STAT_MEDIAN_GTE,Approx Median at least,Validity,Approx Median at least,Confirms that the median (approximate) is at least the given value.,SINGLE_FIELD,STATISTICAL,12,NO,NUMERIC,YES,N/A,N/A,N/A,field;config_min,"approx_quantile({field}, 0.5)",METRIC,result_value,Expected at least {config_min}; Observed {result_value}.,,
STAT_MEDIAN_LTE,Approx Median at most,Validity,Approx Median at most,Confirms that the median (approximate) is at most the given value.,SINGLE_FIELD,STATISTICAL,12,NO,NUMERIC,YES,N/A,N/A,N/A,field;config_max,"approx_quantile({field}, 0.5)",METRIC,result_value,Expected at most {config_max}; Observed {result_value}.,,
STAT_MIN_BETWEEN,Minimum value between,Validity,Minimum value between,Confirms that the minimum value is between the given minimum and maximum.,SINGLE_FIELD,STATISTICAL,11,NO,NUMERIC,YES,N/A,N/A,YES,field;config_min;config_max,min({field}),METRIC,result_value,Expected within {config_min} and {config_max}; Observed {result_value}.,,
STAT_MIN_GT,Minimum value greater than,Validity,Minimum value greater than,Confirms that the minimum value is greater than the given value.,SINGLE_FIELD,STATISTICAL,11,NO,NUMERIC,YES,N/A,N/A,YES,field;config_min,min({field}),METRIC,result_value,Expected greater than {config_min}; Observed {result_value}.,,
STAT_MIN_GTE,Minimum value at least,Validity,Minimum value at least,Confirms that the minimum value is at least the given value.,SINGLE_FIELD,STATISTICAL,11,NO,NUMERIC,YES,N/A,N/A,YES,field;config_min,min({field}),METRIC,result_value,Expected at least {config_min}; Observed {result_value}.,,
STAT_MIN_LT,Minimum value less than,Validity,Minimum value less than,Confirms that the minimum value is less than the given value.,SINGLE_FIELD,STATISTICAL,11,NO,NUMERIC,YES,N/A,N/A,YES,field;config_max,min({field}),METRIC,result_value,Expected less than {config_max}; Observed {result_value}.,,
STAT_MIN_LTE,Minimum value at most,Validity,Minimum value at most,Confirms that the minimum value is at most the given value.,SINGLE_FIELD,STATISTICAL,11,NO,NUMERIC,YES,N/A,N/A,YES,field;config_max,min({field}),METRIC,result_value,Expected at most {config_max}; Observed {result_value}.,,
STAT_PERCENTILE_BETWEEN,Approx Percentile between,Validity,Approx Percentile between,Confirms that the percentile (approximate) is between the given minimum and maximum.,SINGLE_FIELD,STATISTICAL,12,NO,NUMERIC,YES,N/A,N/A,N/A,field;config_percentile;config_min;config_max,"approx_quantile({field}, {config_percentile})",METRIC,result_value,Expected within {config_min} and {config_max}; Observed {result_value} - for percentile {config_percentile}.,,
STAT_PERCENTILE_GTE,Approx Percentile at least,Validity,Approx Percentile at least,Confirms that the percentile (approximate) is at least the given value.,SINGLE_FIELD,STATISTICAL,12,NO,NUMERIC,YES,N/A,N/A,N/A,field;config_percentile;config_min,"approx_quantile({field}, {config_percentile})",METRIC,result_value,Expected at least {config_min}; Observed {result_value} - for percentile {config_percentile}.,,
STAT_PERCENTILE_LTE,Approx Percentile at most,Validity,Approx Percentile at most,Confirms that the percentile (approximate) is at most the given value.,SINGLE_FIELD,STATISTICAL,12,NO,NUMERIC,YES,N/A,N/A,N/A,field;config_percentile;config_max,"approx_quantile({field}, {config_percentile})",METRIC,result_value,Expected at most {config_max}; Observed {result_value} - for percentile {config_percentile}.,,
STAT_SKEWNESS_BETWEEN,Skewness between,Validity,Skewness between,Confirms that the skewness is between the given minimum and maximum.,SINGLE_FIELD,STATISTICAL,13,YES,NUMERIC,YES,N/A,N/A,N/A,field;config_min;config_max,skewness({field}),METRIC,result_value,Expected within {config_min} and {config_max}; Observed {result_value}.,,
STAT_SKEWNESS_GTE,Skewness at least,Validity,Skewness at least,Confirms that the skewness is at least the given value.,SINGLE_FIELD,STATISTICAL,13,YES,NUMERIC,YES,N/A,N/A,N/A,field;config_min,skewness({field}),METRIC,result_value,Expected at least {config_min}; Observed {result_value}.,,
STAT_SKEWNESS_LTE,Skewness at most,Validity,Skewness at most,Confirms that the skewness is at most the given value.,SINGLE_FIELD,STATISTICAL,13,YES,NUMERIC,YES,N/A,N/A,N/A,field;config_max,skewness({field}),METRIC,result_value,Expected at most {config_max}; Observed {result_value}.,,
STAT_STDDEV_BETWEEN,Standard deviation between,Validity,Standard deviation between,Confirms that the standard deviation is between the given minimum and maximum.,SINGLE_FIELD,STATISTICAL,13,YES,NUMERIC,YES,N/A,N/A,N/A,field;config_min;config_max,stddev_samp({field}),METRIC,result_value,Expected within {config_min} and {config_max}; Observed {result_value}.,,
STAT_STDDEV_GTE,Standard deviation at least,Validity,Standard deviation at least,Confirms that the standard deviation is at least the given value.,SINGLE_FIELD,STATISTICAL,13,YES,NUMERIC,YES,N/A,N/A,N/A,field;config_min,stddev_samp({field}),METRIC,result_value,Expected at least {config_min}; Observed {result_value}.,,
STAT_STDDEV_LTE,Standard deviation at most,Validity,Standard deviation at most,Confirms that the standard deviation is at most the given value.,SINGLE_FIELD,STATISTICAL,13,YES,NUMERIC,YES,N/A,N/A,N/A,field;config_max,stddev_samp({field}),METRIC,result_value,Expected at most {config_max}; Observed {result_value}.,,
STAT_SUM_BETWEEN,Total between,Validity,Total between,Confirms that the total is between the given minimum and maximum.,SINGLE_FIELD,STATISTICAL,13,YES,NUMERIC,YES,N/A,N/A,N/A,field;config_min;config_max,sum({field}),METRIC,result_value,Expected within {config_min} and {config_max}; Observed {result_value}.,,
STAT_SUM_GT,Total greater than,Validity,Total greater than,Confirms that the total is greater than the given value.,SINGLE_FIELD,STATISTICAL,13,YES,NUMERIC,YES,N/A,N/A,N/A,field;config_min,sum({field}),METRIC,result_value,Expected greater than {config_min}; Observed {result_value}.,,
STAT_SUM_GTE,Total at least,Validity,Total at least,Confirms that the total is at least the given value.,SINGLE_FIELD,STATISTICAL,13,YES,NUMERIC,YES,N/A,N/A,N/A,field;config_min,sum({field}),METRIC,result_value,Expected at least {config_min}; Observed {result_value}.,,
STAT_SUM_LT,Total less than,Validity,Total less than,Confirms that the total is less than the given value.,SINGLE_FIELD,STATISTICAL,13,YES,NUMERIC,YES,N/A,N/A,N/A,field;config_max,sum({field}),METRIC,result_value,Expected less than {config_max}; Observed {result_value}.,,
STAT_SUM_LTE,Total at most,Validity,Total at most,Confirms that the total is at most the given value.,SINGLE_FIELD,STATISTICAL,13,YES,NUMERIC,YES,N/A,N/A,N/A,field;config_max,sum({field}),METRIC,result_value,Expected at most {config_max}; Observed {result_value}.,,
STAT_VARIANCE_BETWEEN,Variance between,Validity,Variance between,Confirms that the variance is between the given minimum and maximum.,SINGLE_FIELD,STATISTICAL,13,YES,NUMERIC,YES,N/A,N/A,N/A,field;config_min;config_max,var_samp({field}),METRIC,result_value,Expected within {config_min} and {config_max}; Observed {result_value}.,,
STAT_VARIANCE_GTE,Variance at least,Validity,Variance at least,Confirms that the variance is at least the given value.,SINGLE_FIELD,STATISTICAL,13,YES,NUMERIC,YES,N/A,N/A,N/A,field;config_min,var_samp({field}),METRIC,result_value,Expected at least {config_min}; Observed {result_value}.,,
STAT_VARIANCE_LTE,Variance at most,Validity,Variance at most,Confirms that the variance is at most the given value.,SINGLE_FIELD,STATISTICAL,13,YES,NUMERIC,YES,N/A,N/A,N/A,field;config_max,var_samp({field}),METRIC,result_value,Expected at most {config_max}; Observed {result_value}.,,
STAT_MODE_IN_SET,Most-common value in set,Validity,Common value allowed,Confirms that the most common value is among the expected options.,SINGLE_FIELD,STATISTICAL,12,NO,ANY,YES,N/A,N/A,N/A,field;config_set,mode({field}),METRIC,result_set,Expected {config_set}; Observed {result_set}.,,
CUSTOM_SQL_CHECKSUM,Custom checksum (SQL UDF),Validity,Field passes a custom checksum function,Runs a registered SQL scalar function that validates the field against a configured checksum scheme.,SINGLE_FIELD,CUSTOM_SQL_FUNCTION,999991,NO,STRING,YES,FIXED;PERCENT,N/A,N/A,field;rule_config,"{field} IS NULL OR validate_checksum({field}, {rule_config})",COUNT,failed_count;failed_pct;denominator_count,{failed_count} of {denominator_count} ({failed_pct}%) failed this check.,"SELECT * FROM {src} WHERE NOT ({field} IS NULL OR validate_checksum({field}, {rule_config}))","Demo: registered DuckDB scalar UDF (con.create_function, vectorised Arrow). rule_config = scheme name (e.g. luhn, iban, mod11). Boolean-UDF pattern. Standard COUNT wrappers; projection pushdown applies."
CUSTOM_SQL_GEO_WITHIN,Custom geo-distance within limit (SQL UDF),Consistency,Two location fields lie within a configured distance,Runs a registered SQL scalar function computing the distance between two location fields and checks it against a configured maximum.,MULTIPLE_FIELDS,CUSTOM_SQL_FUNCTION,999992,NO,STRING,YES,FIXED;PERCENT,N/A,N/A,field_a;field_b;rule_config,"{field_a} IS NULL OR {field_b} IS NULL OR geo_distance_km({field_a}, {field_b}) <= {rule_config}",COUNT,failed_count;failed_pct;denominator_count,{failed_count} of {denominator_count} ({failed_pct}%) failed this check.,"SELECT * FROM {src} WHERE NOT ({field_a} IS NULL OR {field_b} IS NULL OR geo_distance_km({field_a}, {field_b}) <= {rule_config})",Demo: udf(...) <= config pattern over two fields. geo_distance_km is a registered vectorised UDF; rule_config = max distance in km.
CUSTOM_PY_ADDRESS_VALID,Custom address validation (Python),Validity,Field validated by a custom Python function,Dispatches to a registered Python function that validates the field with arbitrary logic and returns pass or fail.,SINGLE_FIELD,CUSTOM_PYTHON_FUNCTION,999999991,NO,STRING,N/A,N/A,N/A,N/A,field;rule_config,validate_address,ADHOC,passed,Custom Python check passed: {passed}.,,"result_type ADHOC: engine dispatches to the Python function named in evaluate_expr, passing the field (Arrow), rule_config and metadata; returns pass/fail. No SQL drill-down. Optimised as a vectorised Arrow UDF when logic vectorises (see demo)."
CUSTOM_PY_RECORD_ANOMALY,Custom record anomaly (Python),Consistency,Field combination screened by a custom Python model,Dispatches to a registered Python function that screens a combination of fields with arbitrary logic and returns pass or fail.,MULTIPLE_FIELDS,CUSTOM_PYTHON_FUNCTION,999999992,NO,ANY,N/A,N/A,N/A,N/A,fields;rule_config,detect_record_anomaly,ADHOC,passed,Custom Python check passed: {passed}.,,"result_type ADHOC, multi-field. Engine passes the named fields (Arrow batches), rule_config and metadata to the Python function; returns pass/fail. Optimised by streaming Arrow record batches with bounded memory (see demo)."